{
  "0 - 8": 0.30027,
  "9 - 15": 0.25611,
  "16 - 24": 0.10034,
  "25 +": 0.10034
}