{
  "Road": 0.30027,
  "Rail": 0.25611,
  "Water": 0.10034
}