{
  "Road": 0.00010672,
  "Rail": 0.00003694,
  "Water": 0.00001536
}