{
  "Diesel": 0.30027,
  "Petrol": 0.25611,
  "Electric": 0.10034
}